{
  "suit_mask_open": {
    "sounds": [
      "suit/mask_open"
    ],
    "category": "player"
  },
  "suit_mask_close": {
    "sounds": [
      "suit/mask_close"
    ],
    "category": "player"
  },
  "energy_boost_enable": {
    "sounds": [
      "suit/energy_boost"
    ],
    "category": "player"
  },
  "energy_flight_loop": {
    "sounds": [
      "suit/light_shimmer_loop"
    ],
    "category": "player"
  },
  "health_blast": {
    "sounds": [
      "suit/health_blast"
    ],
    "category": "player"
  },
  "intangible_loop": {
    "sounds": [
      "suit/intangible_loop"
    ],
    "category": "player"
  },
  "light_blast_loop": {
    "sounds": [
      "suit/energy_crackle_loop"
    ],
    "category": "player"
  },
  "light_blast_charging": {
    "sounds": [
      "suit/energy_crackle_charge"
    ],
    "category": "player"
  },
  "light_bolt": {
    "sounds": [
      "suit/light_bolt"
    ],
    "category": "player"
  },
  "energy_flight_boost": {
    "sounds": [
      "suit/flight_crackle_boost"
    ],
    "category": "player"
  },
  "sound_blast_overheat": {
    "sounds": [
      "suit/sound_blast_overheat"
    ],
    "category": "player"
  },
  "heat_reload_start": {
    "sounds": [
      "suit/heat_reload_start"
    ],
    "category": "player"
  },
  "heat_reload_loop": {
    "sounds": [
      "suit/heat_reload_loop"
    ],
    "category": "player"
  }
}
